decision,match_score,food_number,food_name,processing,fdc_id,usda_description
,1.150,296,"White bread, containing 2% vinegar and 2.5% sourdough (Noble Rise Crunchy Toast, Australia)",toasted,174925,"Bread, white, commercially prepared, toasted"
,1.150,1308,"Lentils, Quinoa & Beans Superblend Protein, dried, cooked in boiling water for 15 min (Ward McKenzies Pty Ltd, Australia)",boiled,172421,"Lentils, mature seeds, cooked, boiled, without salt"
,1.100,10,"Sponge cake, filled with marmalade and yogurt cream (Yogo brioss, Ferrero, Italy)",,172706,"Cake, sponge, commercially prepared"
,1.100,14,"Sponge cake, soft wheat flour, filled with chocolate cream (Kinder Pan e Cioc Cacao, Kinder, Ferrero, Italy)",,172706,"Cake, sponge, commercially prepared"
,1.100,15,"Sponge cake, soft wheat flour, ground cereals (rice, barley, rye, oat, wheat) and cocoa, filled with barley malt cream (Kinder colazione più, Kinder, Ferrero, Italy)",,172706,"Cake, sponge, commercially prepared"
,1.100,16,"Sponge cake, soft wheat flour, orange cream-filled, coated with chocolate (Fiesta, Ferrero, Italy)",,172706,"Cake, sponge, commercially prepared"
,1.100,18,"Sponge cake, wheat flour, rolled barley and oat (2.5%), filled with apricot jam (Brioss Albicocca ecereali, Ferrero Italy)",,172706,"Cake, sponge, commercially prepared"
,1.100,223,"Rye, made with 30% wholemeal wheat, 20% kibbled rye, 30% wheat flour, and baker’s yeast",,172684,"Bread, rye"
,1.100,259,"White bread, containing 9% sourdough, baked for 30 min at 210°C",baked,167532,"Bread, white wheat"
,1.100,272,"Bread, sliced, soft wheat flour, low GI and high fiber (Pane a fette a basso indice glicemico e ad alto contenuto di fibre, Roberto Industria Alimentare, Italy)",,167532,"Bread, white wheat"
,1.100,279,"White bread, low GI, high fib er, Tip Top™ EnerGI (Tip Top Bakeries, George Weston Ltd, Australia)",,167532,"Bread, white wheat"
,1.100,291,"White bread (80% wheat flour + 20% chickpea flour) (George Weston Foods Ltd, Australia)",,174924,"Bread, white, commercially prepared (includes soft bread crumbs)"
,1.100,292,"White bread (90% wheat flour + 10% modified corn starch) (George Weston Foods Ltd, Australia)",,174924,"Bread, white, commercially prepared (includes soft bread crumbs)"
,1.100,293,"White bread (90% wheat flour + 10% tapioca starch) (George Weston Foods Ltd, Australia)",,174924,"Bread, white, commercially prepared (includes soft bread crumbs)"
,1.100,294,"White bread (95% wheat flour + 5% oat bran) (George Weston Foods Ltd, Australia)",,174924,"Bread, white, commercially prepared (includes soft bread crumbs)"
,1.100,295,"White bread, containing 2% guar gum (George Weston Foods Ltd, Australia)",,174924,"Bread, white, commercially prepared (includes soft bread crumbs)"
,1.100,297,"Bread, fibre-enriched flour (Pan Bauletto Fior di Fibra, Mulino Bianco, Barilla , Italy)",,174924,"Bread, white, commercially prepared (includes soft bread crumbs)"
,1.100,298,"White bread, fiber-enriched, Fiber White™ (Nature's Fresh, Auckland, New Zealand)",,174924,"Bread, white, commercially prepared (includes soft bread crumbs)"
,1.100,301,"White bread, containing 0.8% Reducose® , lab made",,174924,"Bread, white, commercially prepared (includes soft bread crumbs)"
,1.100,303,White bread (10% of white bread flour was substituted by resistant starch from tapioca),,174924,"Bread, white, commercially prepared (includes soft bread crumbs)"
,1.100,304,White bread (30% of white bread flour was substituted by resistant starch from tapioca),,174924,"Bread, white, commercially prepared (includes soft bread crumbs)"
,1.100,305,White bread (60% of white bread flour was substituted by resistant starch from tapioca),,174924,"Bread, white, commercially prepared (includes soft bread crumbs)"
,1.100,337,"Bread, decreased GI variant (sugar-to-flour ratio: 0.0) (Bakery School, Herk-de-Stad, Belgium)",,172686,"Bread, wheat"
,1.100,1606,"Jelly, made from commercial jelly crystals, Raspberry Razzle flavor (Aeroplane Jelly Company, West Ryde, Australia), prepared with water",,169642,Jellies
,1.075,196,"Wholemeal & Seeds bread, Bürgen™ (Tip Top Bakeries, Australia)",,172688,"Bread, whole-wheat, commercially prepared"
,1.075,324,"Wholemeal sliced bread, High fibre Performax™ (Country Life Bakery, Australia)",,172688,"Bread, whole-wheat, commercially prepared"
,1.071,135,"Sport beverage based on whey protein powder with carbohydrate (CHO:PRO=4:1), orange flavor (Endurox R4, Pacific Health Laboratories, Parsippany, NJ, USA)",,173180,"Beverages, Protein powder whey based"
,1.067,11,"Sponge cake with cocoa, milk cream-filled, coated with chocolate (Kinder Délice, Italy)",,172706,"Cake, sponge, commercially prepared"
,1.067,12,"Sponge cake with cocoa, milk cream-filled, coated with chocolate and coconut pieces (Kinder Délice Cocco, Kinder, Ferrero, Italy)",,172706,"Cake, sponge, commercially prepared"
,1.067,277,"White sandwich bread, low GI, high fib er, Bakers Delight™ Hi Fibre Lo GI (Bakers Delight Holdings, Australia)",,167532,"Bread, white wheat"
,1.067,278,"White sandwich bread, low GI, high fib er, Tip Top™ EnerGI (Tip Top Bakeries, George Weston Ltd, Australia)",,167532,"Bread, white wheat"
,1.067,280,"White sandwich bread, low GI, high fib er , Vogel's Wonder White 'Low GI' (Quality Bakers, Australia)",,167532,"Bread, white wheat"
,1.067,281,"White sandwich bread, low GI, high fib er , Vogel's Wonder White 'Low GI' (Quality Bakers, Australia)",,167532,"Bread, white wheat"
,1.067,282,"White sandwich bread, Low GI, high fib er, Low GI Wonder Active (Quality Bakers, Sydney, Australia)",,167532,"Bread, white wheat"
,1.067,289,"White bread (100% wheat flour) + 2% pectin (George Weston Foods Ltd, Australia)",,174924,"Bread, white, commercially prepared (includes soft bread crumbs)"
,1.067,644,"Long Grain & Wild, Uncle Ben's® Ready Rice (pouch) (Effem Foods, USA)",instant,168878,"Rice, white, long-grain, regular, enriched, cooked"
,0.933,1445,"Rice and maize pasta, gluten-free, Ris'O'Mais (Orgran Foods, Australia)",,173265,"Pasta, gluten-free, corn and rice flour, cooked"
,0.933,1551,"Combos Snacks Cheddar Cheese Pretzels (M&M/Mars, USA)",,167964,"Snacks, M&M MARS, COMBOS Snacks Cheddar Cheese Pretzel"
,0.925,637,"Instant Doongara, white, cooked 5 min (Rice Growers Co-op, Australia)",instant,169709,"Rice, white, long-grain, precooked or instant, enriched, dry"
,0.900,689,"Parboiled rice, cooked 20 min, Uncle Ben's Natur-reis® (Masterfoods, Belgium)",parboiled,173263,"Rice, brown, parboiled, cooked, UNCLE BENS"
,0.900,691,"Parboiled, long-grain rice (Harlem Foods AS, Oslo)",parboiled,169708,"Rice, white, long-grain, parboiled, enriched, cooked"
,0.900,692,"Parboiled, long grain, 10 min cooking time (Uncle Ben's, Masterfoods, Belgium)",parboiled,169708,"Rice, white, long-grain, parboiled, enriched, cooked"
,0.900,693,"Parboiled, long grain, 20 min cooking time (Uncle Ben's, Masterfoods, Belgium)",parboiled,169708,"Rice, white, long-grain, parboiled, enriched, cooked"
,0.867,966,"Flavored milk pudding, chocolate, made from powder and whole milk, instant (White Wings, Australia)",instant,168780,"Puddings, chocolate, dry mix, regular, prepared with 2% milk"
,0.867,967,"Flavored milk pudding, vanilla, made from powder and whole milk, instant (White Wings, Australia)",instant,168785,"Puddings, vanilla, dry mix, instant, prepared with whole milk"
,0.850,19,"Vanilla cake, made from packet mix with vanilla frosting (Betty Crocker, General Mills Inc., Minneapolis, USA)",,174945,"Cake, yellow, commercially prepared, with vanilla frosting"
,0.850,57,"Pancakes, buckwheat, gluten-free, made from packet mix (Orgran Natural Foods, Carrum Downs, Australia)",,174106,"Pancakes, gluten-free, frozen, ready-to-heat"
,0.850,58,"Pancakes, gluten-free, made from packet mix (Freedom Foods, Cheltenham, Australia)",,174106,"Pancakes, gluten-free, frozen, ready-to-heat"
,0.850,146,"English Muffin, Whole Grain Multigrain, President's Choice® Blue Menu™ (Loblaw Brands Limited, Canada)",,174093,"English muffins, whole grain white"
,0.850,350,"Roti (unleavened flatbread), whole wheat flour",,174075,"Bread, chapati or roti, whole wheat, commercially prepared, frozen"
,0.850,739,"Chocolate chip cookies, containing wheat flour and coconut flour",,172717,"Cookies, chocolate chip, commercially prepared, soft-type"
,0.850,1191,"Cranberry juice cocktail (Ocean Spray, Melbourne, Australia)",,171903,"Cranberry juice cocktail, bottled"
,0.850,1192,"Cranberry juice cocktail (Ocean Spray Inc., Lakeville- Middleboro, MA, USA)",,171903,"Cranberry juice cocktail, bottled"
,0.850,1197,"Orange juice beverage, President's Choice® Blue Menu™ Oh- Mega j (Loblaw Brands Limited, Canada)",,169044,"Beverages, Orange juice drink"
,0.850,1522,"Berry bar, Berrylicious Trim Bar (Aussie Bodies Pty. Ltd., Australia)",,174803,"Snack, Mixed Berry Bar"
,0.850,1872,"Hash Browns, crispy shredded potato cakes, frozen, baked at 230°C for 17 min, Birds Eye™",baked,167604,"Potatoes, hash brown, refrigerated, unprepared"
,0.830,1659,"Kudos Milk Chocolate Granola bars, Peanut Butter flavor (M&M/Mars, USA)",,168095,"Granola bar, soft, milk chocolate coated, peanut butter"
,0.825,597,"Doongara rice, cooked in rice cooker",boiled,168878,"Rice, white, long-grain, regular, enriched, cooked"
,0.825,598,"Doongara rice, cooked in rice cooker",boiled,168878,"Rice, white, long-grain, regular, enriched, cooked"
,0.825,628,"Medium Grain Brown Rice in 90 sec, microwaved on high (SunRice brand, Rice Growers Co-Op., Australia)",microwaved,169704,"Rice, brown, long-grain, cooked (Includes foods for USDA's Food Distribution Program)"
,0.825,649,"Medium grain white rice, boiled 12 min (SunRice brand, Rice Growers Co-Op., Australia)",boiled,168878,"Rice, white, long-grain, regular, enriched, cooked"
,0.825,794,"Montana Chocolate Chip Cookies (Kinnikinnic Foods Inc., Edmonton. AB, Canada)",,172717,"Cookies, chocolate chip, commercially prepared, soft-type"
,0.825,795,"Montana Chocolate Chip Cookies (Kinnikinnic Foods Inc., Edmonton. AB, Canada)",,172717,"Cookies, chocolate chip, commercially prepared, soft-type"
,0.825,796,"Montana Chocolate Chip Cookies (Kinnikinnic Foods Inc., Edmonton. AB, Canada)",,172717,"Cookies, chocolate chip, commercially prepared, soft-type"
,0.825,797,"Montana Chocolate Chip Cookies (Kinnikinnic Foods Inc., Edmonton. AB, Canada)",,172717,"Cookies, chocolate chip, commercially prepared, soft-type"
,0.825,798,"Montana Chocolate Chip Cookies (Kinnikinnic Foods Inc., Edmonton. AB, Canada)",,172717,"Cookies, chocolate chip, commercially prepared, soft-type"
,0.825,799,"Montana Chocolate Chip Cookies (Kinnikinnic Foods Inc., Edmonton. AB, Canada)",,172717,"Cookies, chocolate chip, commercially prepared, soft-type"
,0.825,800,"Montana Chocolate Chip Cookies (Kinnikinnic Foods Inc., Edmonton. AB, Canada)",,172717,"Cookies, chocolate chip, commercially prepared, soft-type"
,0.825,801,"Montana Chocolate Chip Cookies (Kinnikinnic Foods Inc., Edmonton. AB, Canada)",,172717,"Cookies, chocolate chip, commercially prepared, soft-type"
,0.817,558,"Sweet corn, cooked in microwave for 1.5 min",microwaved,168525,"Corn, sweet, yellow, cooked, boiled, drained, with salt"
,0.817,559,"Sweet corn, cooked",boiled,168525,"Corn, sweet, yellow, cooked, boiled, drained, with salt"
,0.817,1136,"Grapefruit, ruby red segments, canned in juice (Woolworths Select, Australia)",canned,173036,"Grapefruit, sections, canned, juice pack, solids and liquids"
,0.817,1528,"Fruit snack processed, Roll-Ups® (Uncle Toby's, Australia)",,167541,"Snacks, fruit leather, rolls"
,0.817,1541,"Strawberry fruit leather (Stretch Island Fruit Company™, WA, USA)",,167540,"Snacks, fruit leather, pieces"
,0.817,1801,"Sweet corn, cooked in microwave for 1.5 min",microwaved,168525,"Corn, sweet, yellow, cooked, boiled, drained, with salt"
,0.814,1073,"Soy Beverage, Chocolate flavored, President's Choice® Blue Menu™(Loblaw Brands Limited, Canada)",,171873,"Beverages, chocolate drink, milk and soy based, ready to drink, fortified"
,0.797,1134,"Grapes, green, Menidee, seedless",,174683,"Grapes, red or green (European type, such as Thompson seedless), raw"
,0.781,1639,"Chewy Chocolate Chip & Marshmallow Granola bar, President's Choice® Blue Menu™ (Loblaw Brands Limited, Canada)",,169674,"Snacks, granola bars, soft, uncoated, chocolate chip"
,0.767,8,"Pound cake 0% (Bimbo S.A de C.V, Mexico)",,172704,"Cake, pound, commercially prepared, butter (includes fresh and frozen)"
,0.767,229,"Sourdough Vienna bread, Bakers Delight™ (Bakers Delight Holdings, Australia)",,172675,"Bread, french or vienna (includes sourdough)"
,0.767,573,"Rice flour, 10% resistant starch, prepared with boiled water (Youtang Shanghai Academy of Agricultural Sciences, China)",,168898,"Rice flour, brown"
,0.767,706,"Wheat flour, raw (2005 from Griffith NSW, Chara, Row10, Plot 6:181), consumed suspended in 250 mL water",raw,168913,"Wheat flours, bread, unenriched"
,0.767,707,"Wheat flour, raw, consumed suspended in 250 mL water (Coles Smart Buy Plain Flour, Coles Supermarkets Pty Ltd)",raw,168913,"Wheat flours, bread, unenriched"
,0.767,987,"Yoghurt, red fruit: Morello cherry (Healthy Living Light, UK)",,169898,"Yogurt, fruit variety, nonfat"
,0.767,988,"Yoghurt, red fruit: raspberry and black cherry (Healthy Living Light, UK)",,169898,"Yogurt, fruit variety, nonfat"
,0.767,993,"Yoghurt, summer fruit: apricot (Healthy Living Light, UK)",,169898,"Yogurt, fruit variety, nonfat"
,0.767,994,"Yoghurt, summer fruit: peach and vanilla (Healthy Living Light, UK)",,169898,"Yogurt, fruit variety, nonfat"
,0.767,995,"Yoghurt, summer fruit: raspberry (Healthy Living Light, UK)",,169898,"Yogurt, fruit variety, nonfat"
,0.767,996,"Yoghurt, summer fruit: strawberry (Healthy Living Light, UK)",,169898,"Yogurt, fruit variety, nonfat"
,0.767,997,"Yoghurt, tropical fruit: guava and passionfruit (Healthy Living Light, UK)",,169898,"Yogurt, fruit variety, nonfat"
,0.767,998,"Yoghurt, tropical fruit: mango (Healthy Living Light, UK)",,169898,"Yogurt, fruit variety, nonfat"
,0.767,999,"Yoghurt, tropical fruit: peach and apricot (Healthy Living Light, UK)",,169898,"Yogurt, fruit variety, nonfat"
,0.767,1014,"Low-fat (0.9%), fruit, wild strawberry, Ski d'lite™ (Dairy Farmers Ltd, Australia)",,170889,"Yogurt, fruit, low fat,9 g protein/8 oz"
,0.767,1101,"Dates, Deglet noir variety",,171726,"Dates, deglet noor"
,0.767,1441,"Corn pasta, gluten-free (Orgran Natural Foods, Carrum Downs, VIC, Australia)",,173265,"Pasta, gluten-free, corn and rice flour, cooked"
,0.767,1442,"Corn pasta, gluten-free (Orgran Natural Foods, Australia)",,173265,"Pasta, gluten-free, corn and rice flour, cooked"
,0.767,1520,"Banana, processed fruit fingers, Heinz Kidz™ (H J Heinz, Malvern, Australia)",,168849,"Snacks, banana chips"
,0.767,1587,"® Chocolate, dark, Dove (M&M/Mars, USA)",,170271,"Chocolate, dark, 45- 59% cacao solids"
,0.767,1588,"Chocolate, dark, 74% Cocoa (Alpes d'Or, Hangzhou Qiaokemei, China)",,170271,"Chocolate, dark, 45- 59% cacao solids"
,0.767,1591,"Chocolate, dark with raisins, peanuts and jam",,170271,"Chocolate, dark, 45- 59% cacao solids"
,0.767,1787,"Sugar, from organic fruits (Dolcedì, zucchero da frutta biologica, Rigoni di Asiago, Italy)",,169878,"Syrups, sugar free"
,0.767,1802,Sweet corn,,168525,"Corn, sweet, yellow, cooked, boiled, drained, with salt"
,0.750,646,"Rice, parboiled, pre-cooked, ready to eat (Riso Blond Espresso (Riso Gallo, Italy)",instant,169707,"Rice, white, long-grain, parboiled, enriched, dry"
,0.750,1584,Wasabi peas,,173157,"Snacks, peas, roasted, wasabi-flavored"
,0.742,172,"Hearty 100% Whole Grain bread, Healthy Choice™ (Con Agra Inc., USA)",,168013,"Bread, multi-grain (includes whole-grain)"
,0.742,1516,"Apricot filled fruit bar, pureed dried apricot filling in wholemeal pastry (Mother Earth, New Zealand)",,168861,"Snacks, granola bar, fruit-filled, nonfat"
,0.742,1647,"Fruit and Nuts Superfoods bar (SoLo GI Nutrition, Inc, Canada)",,173151,"Snacks, NUTRI-GRAIN FRUIT AND NUT BAR"
,0.733,391,Malted wheat cereal,,171657,"Cereals, CREAM OF WHEAT, regular (10 minute), cooked with water, without salt"
,0.733,392,Malted wheat cereal,,171657,"Cereals, CREAM OF WHEAT, regular (10 minute), cooked with water, without salt"
,0.733,880,"Puffed rice cakes, Calrose rice, low-amylose (Rice Growers Co-op, Australia)",popped,168107,"Rice cake, cracker (include hain mini rice cakes)"
,0.733,881,"Puffed rice cakes, Doongara rice, high-amylose (Rice Growers Co-op, Australia)",popped,168107,"Rice cake, cracker (include hain mini rice cakes)"
,0.733,882,"Puffed rice cakes, caramel flavored",popped,168107,"Rice cake, cracker (include hain mini rice cakes)"
,0.733,884,Rye crackers with oats,,172739,"Crackers, crispbread, rye"
,0.733,885,Rye crackers with sesame,,172739,"Crackers, crispbread, rye"
,0.733,1199,"POM Pomegranate juice (POM Wonderful LLC, USA)",,167787,"Pomegranate juice, bottled"
,0.733,1527,"Fruit and nut mix (Finest, UK)",,173151,"Snacks, NUTRI-GRAIN FRUIT AND NUT BAR"
,0.733,1589,"Chocolate Kouka Cacao 86% (Meiji Co. Ltd, Japan)",,170271,"Chocolate, dark, 45- 59% cacao solids"
,0.733,1590,"Chocolate Kouka Cacao 72% (Meiji Co. Ltd, Japan)",,170271,"Chocolate, dark, 45- 59% cacao solids"
,0.733,2011,"Glutaminous rice flour (Satou Co. Ltd), instant, served warm with roasted ground soybean",instant,168898,"Rice flour, brown"
,0.725,1552,"Cheese Puffs, made from rice and corn puffs, aged white cheddar extruded snack, Pirate's Booty brand (Robert's American Gourmet, Sea Cliff, NY, USA)",extruded,167949,"Snacks, corn-based, extruded, puffs or twists, cheese-flavor"
,0.725,1721,"Black Bean with Vegetables soup, spicy, President's Choice® Blue Menu™ (Loblaw Brands Limited, Canada)",,171141,"Soup, black bean, canned, condensed"
,0.717,965,"Flavored milk pudding, chocolate (Danette al cioccolato, Danone, Italy)",,168780,"Puddings, chocolate, dry mix, regular, prepared with 2% milk"
,0.700,699,"Parboiled rice, white, cooked 5 min, Uncle Ben's Snabbris® (Masterfoods, Belgium)",parboiled,169708,"Rice, white, long-grain, parboiled, enriched, cooked"
